%time,field.header.seq,field.header.stamp,field.header.frame_id,field.pose.pose.position.x,field.pose.pose.position.y,field.pose.pose.position.z,field.pose.pose.orientation.x,field.pose.pose.orientation.y,field.pose.pose.orientation.z,field.pose.pose.orientation.w,field.pose.covariance0,field.pose.covariance1,field.pose.covariance2,field.pose.covariance3,field.pose.covariance4,field.pose.covariance5,field.pose.covariance6,field.pose.covariance7,field.pose.covariance8,field.pose.covariance9,field.pose.covariance10,field.pose.covariance11,field.pose.covariance12,field.pose.covariance13,field.pose.covariance14,field.pose.covariance15,field.pose.covariance16,field.pose.covariance17,field.pose.covariance18,field.pose.covariance19,field.pose.covariance20,field.pose.covariance21,field.pose.covariance22,field.pose.covariance23,field.pose.covariance24,field.pose.covariance25,field.pose.covariance26,field.pose.covariance27,field.pose.covariance28,field.pose.covariance29,field.pose.covariance30,field.pose.covariance31,field.pose.covariance32,field.pose.covariance33,field.pose.covariance34,field.pose.covariance35
98899000000,0,73014000000,map,0.00446954865137,-0.00211526917004,0.0,0.0,0.0,0.00264029291533,0.999996514421,0.2151999708,-0.00238303281013,0.0,0.0,0.0,0.0,-0.00238303281013,0.209416309394,0.0,0.0,0.0,0.0,0.0,0.0,0.0,0.0,0.0,0.0,0.0,0.0,0.0,0.0,0.0,0.0,0.0,0.0,0.0,0.0,0.0,0.0,0.0,0.0,0.0,0.0,0.0,0.0643557098126
101588000000,1,101544000000,map,0.258348412235,-0.00633736539871,0.0,0.0,0.0,-0.00881940030449,0.999961108333,0.197481018465,-0.00455203819039,0.0,0.0,0.0,0.0,-0.00455203819039,0.194278737888,0.0,0.0,0.0,0.0,0.0,0.0,0.0,0.0,0.0,0.0,0.0,0.0,0.0,0.0,0.0,0.0,0.0,0.0,0.0,0.0,0.0,0.0,0.0,0.0,0.0,0.0,0.0,0.0660269740459
102190000000,2,102174000000,map,0.511599956374,-0.00275562678527,0.0,0.0,0.0,0.00203352812591,0.99999793238,0.187447492133,-0.0125569762321,0.0,0.0,0.0,0.0,-0.0125569762321,0.199173618964,0.0,0.0,0.0,0.0,0.0,0.0,0.0,0.0,0.0,0.0,0.0,0.0,0.0,0.0,0.0,0.0,0.0,0.0,0.0,0.0,0.0,0.0,0.0,0.0,0.0,0.0,0.0,0.0648336500193
102779000000,3,102765000000,map,0.781933651599,-0.00243434117799,0.0,0.0,0.0,-0.00474449533925,0.999988744819,4.03466967382,0.42819961271,0.0,0.0,0.0,0.0,0.42819961271,0.323617082275,0.0,0.0,0.0,0.0,0.0,0.0,0.0,0.0,0.0,0.0,0.0,0.0,0.0,0.0,0.0,0.0,0.0,0.0,0.0,0.0,0.0,0.0,0.0,0.0,0.0,0.0,0.0,0.0735302300219
103397000000,4,103377000000,map,1.05248439488,0.0144684977501,0.0,0.0,0.0,-0.0128539859786,0.99991738411,1.4007660275,0.0499743887765,0.0,0.0,0.0,0.0,0.0499743887765,0.223261516164,0.0,0.0,0.0,0.0,0.0,0.0,0.0,0.0,0.0,0.0,0.0,0.0,0.0,0.0,0.0,0.0,0.0,0.0,0.0,0.0,0.0,0.0,0.0,0.0,0.0,0.0,0.0,0.0609422838501
103984000000,5,103956000000,map,1.29009646049,0.0188442235465,0.0,0.0,0.0,-0.0154935943004,0.999879967064,2.77983402215,0.320079527263,0.0,0.0,0.0,0.0,0.320079527263,0.250622899766,0.0,0.0,0.0,0.0,0.0,0.0,0.0,0.0,0.0,0.0,0.0,0.0,0.0,0.0,0.0,0.0,0.0,0.0,0.0,0.0,0.0,0.0,0.0,0.0,0.0,0.0,0.0,0.0596834026299
104615000000,6,104588000000,map,1.53203018907,0.0323953279589,0.0,0.0,0.0,-0.0176394538392,0.99984441273,5.62721003169,0.677973882017,0.0,0.0,0.0,0.0,0.677973882017,0.306948055831,0.0,0.0,0.0,0.0,0.0,0.0,0.0,0.0,0.0,0.0,0.0,0.0,0.0,0.0,0.0,0.0,0.0,0.0,0.0,0.0,0.0,0.0,0.0,0.0,0.0,0.0,0.0,0.0563270610635
105284000000,7,105269000000,map,1.79640585423,0.020928956698,0.0,0.0,0.0,-0.0271521755173,0.999631311717,2.88070691185,0.337204359027,0.0,0.0,0.0,0.0,0.337204359027,0.263840795683,0.0,0.0,0.0,0.0,0.0,0.0,0.0,0.0,0.0,0.0,0.0,0.0,0.0,0.0,0.0,0.0,0.0,0.0,0.0,0.0,0.0,0.0,0.0,0.0,0.0,0.0,0.0,0.0501806368075
105902000000,8,105888000000,map,2.0620852646,0.0153753446608,0.0,0.0,0.0,-0.0365706772647,0.999331069048,1.55886371791,0.108315318349,0.0,0.0,0.0,0.0,0.108315318349,0.220695413324,0.0,0.0,0.0,0.0,0.0,0.0,0.0,0.0,0.0,0.0,0.0,0.0,0.0,0.0,0.0,0.0,0.0,0.0,0.0,0.0,0.0,0.0,0.0,0.0,0.0,0.0,0.0,0.0456792526481
106615000000,9,106602000000,map,2.34171321468,-0.0114600640062,0.0,0.0,0.0,-0.014924969113,0.999888616445,3.018274066,0.267148975354,0.0,0.0,0.0,0.0,0.267148975354,0.260209373176,0.0,0.0,0.0,0.0,0.0,0.0,0.0,0.0,0.0,0.0,0.0,0.0,0.0,0.0,0.0,0.0,0.0,0.0,0.0,0.0,0.0,0.0,0.0,0.0,0.0,0.0,0.0,0.0436258872019
107246000000,10,107237000000,map,2.57793800564,-0.0510249575669,0.0,0.0,0.0,0.0237938301697,0.999716886746,4.78314144274,0.477377092025,0.0,0.0,0.0,0.0,0.477377092025,0.296915924476,0.0,0.0,0.0,0.0,0.0,0.0,0.0,0.0,0.0,0.0,0.0,0.0,0.0,0.0,0.0,0.0,0.0,0.0,0.0,0.0,0.0,0.0,0.0,0.0,0.0,0.0,0.0,0.0430674203407
107952000000,11,107922000000,map,2.84476594589,-0.0644885963151,0.0,0.0,0.0,0.0784463444603,0.996918337198,4.99516609599,0.557643356156,0.0,0.0,0.0,0.0,0.557643356156,0.279645451357,0.0,0.0,0.0,0.0,0.0,0.0,0.0,0.0,0.0,0.0,0.0,0.0,0.0,0.0,0.0,0.0,0.0,0.0,0.0,0.0,0.0,0.0,0.0,0.0,0.0,0.0,0.0,0.0374856940347
108585000000,12,108568000000,map,3.08185008359,-0.036844711728,0.0,0.0,0.0,0.134599281694,0.990900112709,5.31572502436,0.625880958017,0.0,0.0,0.0,0.0,0.625880958017,0.283892248469,0.0,0.0,0.0,0.0,0.0,0.0,0.0,0.0,0.0,0.0,0.0,0.0,0.0,0.0,0.0,0.0,0.0,0.0,0.0,0.0,0.0,0.0,0.0,0.0,0.0,0.0,0.0,0.0348091009638
109275000000,13,109246000000,map,3.36377759584,0.0418141738902,0.0,0.0,0.0,0.193665542784,0.981067611094,4.49161874576,0.548881451879,0.0,0.0,0.0,0.0,0.548881451879,0.300534534229,0.0,0.0,0.0,0.0,0.0,0.0,0.0,0.0,0.0,0.0,0.0,0.0,0.0,0.0,0.0,0.0,0.0,0.0,0.0,0.0,0.0,0.0,0.0,0.0,0.0,0.0,0.0,0.0307541534007
109985000000,14,109970000000,map,3.63396201813,0.171642368365,0.0,0.0,0.0,0.219897234271,0.975523042455,2.04412719361,0.248689900485,0.0,0.0,0.0,0.0,0.248689900485,0.253165292328,0.0,0.0,0.0,0.0,0.0,0.0,0.0,0.0,0.0,0.0,0.0,0.0,0.0,0.0,0.0,0.0,0.0,0.0,0.0,0.0,0.0,0.0,0.0,0.0,0.0,0.0,0.0,0.0226557575602
110695000000,15,110683000000,map,3.90984921662,0.289248640523,0.0,0.0,0.0,0.209262713215,0.977859456598,4.26671236146,0.555206888502,0.0,0.0,0.0,0.0,0.555206888502,0.317244687792,0.0,0.0,0.0,0.0,0.0,0.0,0.0,0.0,0.0,0.0,0.0,0.0,0.0,0.0,0.0,0.0,0.0,0.0,0.0,0.0,0.0,0.0,0.0,0.0,0.0,0.0,0.0,0.0257998050844
111449000000,16,111413000000,map,4.1664637251,0.415295474466,0.0,0.0,0.0,0.226178338717,0.974085909505,2.13430769658,0.271819023679,0.0,0.0,0.0,0.0,0.271819023679,0.246272907232,0.0,0.0,0.0,0.0,0.0,0.0,0.0,0.0,0.0,0.0,0.0,0.0,0.0,0.0,0.0,0.0,0.0,0.0,0.0,0.0,0.0,0.0,0.0,0.0,0.0,0.0,0.0,0.0187293927661
112160000000,17,112141000000,map,4.43578311279,0.520888314051,0.0,0.0,0.0,0.276310721365,0.961068356184,2.08372916748,0.278553307017,0.0,0.0,0.0,0.0,0.278553307017,0.237347087996,0.0,0.0,0.0,0.0,0.0,0.0,0.0,0.0,0.0,0.0,0.0,0.0,0.0,0.0,0.0,0.0,0.0,0.0,0.0,0.0,0.0,0.0,0.0,0.0,0.0,0.0,0.0,0.016334656892
112935000000,18,112919000000,map,4.68193853019,0.713264663769,0.0,0.0,0.0,0.292620883624,0.956228538827,0.0829807998935,-0.0164004475963,0.0,0.0,0.0,0.0,-0.0164004475963,0.162580212586,0.0,0.0,0.0,0.0,0.0,0.0,0.0,0.0,0.0,0.0,0.0,0.0,0.0,0.0,0.0,0.0,0.0,0.0,0.0,0.0,0.0,0.0,0.0,0.0,0.0,0.0,0.0,0.00936190882337
113737000000,19,113723000000,map,4.94533902612,0.88607861992,0.0,0.0,0.0,0.258796448898,0.965931880641,0.0741421800872,-0.0221289911156,0.0,0.0,0.0,0.0,-0.0221289911156,0.196914150519,0.0,0.0,0.0,0.0,0.0,0.0,0.0,0.0,0.0,0.0,0.0,0.0,0.0,0.0,0.0,0.0,0.0,0.0,0.0,0.0,0.0,0.0,0.0,0.0,0.0,0.0,0.0,0.0100845253637
114505000000,20,114483000000,map,5.2124851091,1.05481569297,0.0,0.0,0.0,0.267464795538,0.963567632887,0.0754818025562,-0.0258645276119,0.0,0.0,0.0,0.0,-0.0258645276119,0.223520875847,0.0,0.0,0.0,0.0,0.0,0.0,0.0,0.0,0.0,0.0,0.0,0.0,0.0,0.0,0.0,0.0,0.0,0.0,0.0,0.0,0.0,0.0,0.0,0.0,0.0,0.0,0.0,0.0104054695805
115250000000,21,115235000000,map,5.47829769653,1.1946280277,0.0,0.0,0.0,0.283077604948,0.959097007386,0.0687214490664,-0.0159303360316,0.0,0.0,0.0,0.0,-0.0159303360316,0.15547521123,0.0,0.0,0.0,0.0,0.0,0.0,0.0,0.0,0.0,0.0,0.0,0.0,0.0,0.0,0.0,0.0,0.0,0.0,0.0,0.0,0.0,0.0,0.0,0.0,0.0,0.0,0.0,0.00803472855374
116024000000,22,116013000000,map,5.74407660168,1.33763584535,0.0,0.0,0.0,0.248110700761,0.968731686365,0.0617685942232,-0.012889814376,0.0,0.0,0.0,0.0,-0.012889814376,0.113376430459,0.0,0.0,0.0,0.0,0.0,0.0,0.0,0.0,0.0,0.0,0.0,0.0,0.0,0.0,0.0,0.0,0.0,0.0,0.0,0.0,0.0,0.0,0.0,0.0,0.0,0.0,0.0,0.00671157548928
116744000000,23,116730000000,map,5.97383524838,1.46832301076,0.0,0.0,0.0,0.217857583339,0.975980570187,0.0732321465626,-0.0081529781442,0.0,0.0,0.0,0.0,-0.0081529781442,0.0728120838611,0.0,0.0,0.0,0.0,0.0,0.0,0.0,0.0,0.0,0.0,0.0,0.0,0.0,0.0,0.0,0.0,0.0,0.0,0.0,0.0,0.0,0.0,0.0,0.0,0.0,0.0,0.0,0.00517792129521
117464000000,24,117457000000,map,6.23978361572,1.5756630328,0.0,0.0,0.0,0.175604276045,0.984460836313,0.0639924071797,-0.00504228671046,0.0,0.0,0.0,0.0,-0.00504228671046,0.0624484032138,0.0,0.0,0.0,0.0,0.0,0.0,0.0,0.0,0.0,0.0,0.0,0.0,0.0,0.0,0.0,0.0,0.0,0.0,0.0,0.0,0.0,0.0,0.0,0.0,0.0,0.0,0.0,0.00461134087073
118164000000,25,118150000000,map,6.48525057374,1.66173376949,0.0,0.0,0.0,0.180292440858,0.98361305185,0.0683776433037,-0.00979032759997,0.0,0.0,0.0,0.0,-0.00979032759997,0.050615611552,0.0,0.0,0.0,0.0,0.0,0.0,0.0,0.0,0.0,0.0,0.0,0.0,0.0,0.0,0.0,0.0,0.0,0.0,0.0,0.0,0.0,0.0,0.0,0.0,0.0,0.0,0.0,0.00381958439022
118839000000,26,118827000000,map,6.73320772441,1.74771722203,0.0,0.0,0.0,0.225849133709,0.974162290793,0.0694509916646,-0.00855476868061,0.0,0.0,0.0,0.0,-0.00855476868061,0.0429272340928,0.0,0.0,0.0,0.0,0.0,0.0,0.0,0.0,0.0,0.0,0.0,0.0,0.0,0.0,0.0,0.0,0.0,0.0,0.0,0.0,0.0,0.0,0.0,0.0,0.0,0.0,0.0,0.00319111347547
119556000000,27,119546000000,map,6.99910180043,1.8670386628,0.0,0.0,0.0,0.282327535628,0.959318071667,0.0636383518131,-0.00308107731657,0.0,0.0,0.0,0.0,-0.00308107731657,0.0342224003503,0.0,0.0,0.0,0.0,0.0,0.0,0.0,0.0,0.0,0.0,0.0,0.0,0.0,0.0,0.0,0.0,0.0,0.0,0.0,0.0,0.0,0.0,0.0,0.0,0.0,0.0,0.0,0.00266656725962
120346000000,28,120332000000,map,7.289976015,2.03523225591,0.0,0.0,0.0,0.279908374078,0.960026719483,0.0551320785867,-0.00178929573454,0.0,0.0,0.0,0.0,-0.00178929573454,0.036414959603,0.0,0.0,0.0,0.0,0.0,0.0,0.0,0.0,0.0,0.0,0.0,0.0,0.0,0.0,0.0,0.0,0.0,0.0,0.0,0.0,0.0,0.0,0.0,0.0,0.0,0.0,0.0,0.00283466586962
121129000000,29,121118000000,map,7.5803546713,2.19695579328,0.0,0.0,0.0,0.222531253102,0.974925556847,0.0421057964549,-0.00112039394564,0.0,0.0,0.0,0.0,-0.00112039394564,0.0311236646263,0.0,0.0,0.0,0.0,0.0,0.0,0.0,0.0,0.0,0.0,0.0,0.0,0.0,0.0,0.0,0.0,0.0,0.0,0.0,0.0,0.0,0.0,0.0,0.0,0.0,0.0,0.0,0.00311117447068
121864000000,30,121857000000,map,7.84266887202,2.34127725294,0.0,0.0,0.0,0.186285796914,0.982495598905,0.0417146574463,-0.00201004220657,0.0,0.0,0.0,0.0,-0.00201004220657,0.0291597619811,0.0,0.0,0.0,0.0,0.0,0.0,0.0,0.0,0.0,0.0,0.0,0.0,0.0,0.0,0.0,0.0,0.0,0.0,0.0,0.0,0.0,0.0,0.0,0.0,0.0,0.0,0.0,0.00276629448289
122548000000,31,122531000000,map,8.10404112383,2.43503745684,0.0,0.0,0.0,0.168291699071,0.985737238834,0.0401320166494,-0.00086486739465,0.0,0.0,0.0,0.0,-0.00086486739465,0.0287227646826,0.0,0.0,0.0,0.0,0.0,0.0,0.0,0.0,0.0,0.0,0.0,0.0,0.0,0.0,0.0,0.0,0.0,0.0,0.0,0.0,0.0,0.0,0.0,0.0,0.0,0.0,0.0,0.00236097967104
123246000000,32,123231000000,map,8.36717344492,2.51872544706,0.0,0.0,0.0,0.192076976925,0.981379862711,0.0473027998336,-0.00090193114173,0.0,0.0,0.0,0.0,-0.00090193114173,0.025980590276,0.0,0.0,0.0,0.0,0.0,0.0,0.0,0.0,0.0,0.0,0.0,0.0,0.0,0.0,0.0,0.0,0.0,0.0,0.0,0.0,0.0,0.0,0.0,0.0,0.0,0.0,0.0,0.00225464138278
123995000000,33,123985000000,map,8.65454486988,2.62553947667,0.0,0.0,0.0,0.229450062506,0.973320434809,0.0447549605522,-0.00290269788525,0.0,0.0,0.0,0.0,-0.00290269788525,0.018096667282,0.0,0.0,0.0,0.0,0.0,0.0,0.0,0.0,0.0,0.0,0.0,0.0,0.0,0.0,0.0,0.0,0.0,0.0,0.0,0.0,0.0,0.0,0.0,0.0,0.0,0.0,0.0,0.00210800931708
124709000000,34,124687000000,map,8.92375698357,2.73829570124,0.0,0.0,0.0,0.208638967336,0.977992730703,0.0425937759642,-0.00269630886069,0.0,0.0,0.0,0.0,-0.00269630886069,0.0171016751833,0.0,0.0,0.0,0.0,0.0,0.0,0.0,0.0,0.0,0.0,0.0,0.0,0.0,0.0,0.0,0.0,0.0,0.0,0.0,0.0,0.0,0.0,0.0,0.0,0.0,0.0,0.0,0.00207607066978
125397000000,35,125389000000,map,9.18445222341,2.85798409948,0.0,0.0,0.0,0.151807737945,0.988410041784,0.0409637061289,-0.00491464801514,0.0,0.0,0.0,0.0,-0.00491464801513,0.0179648267312,0.0,0.0,0.0,0.0,0.0,0.0,0.0,0.0,0.0,0.0,0.0,0.0,0.0,0.0,0.0,0.0,0.0,0.0,0.0,0.0,0.0,0.0,0.0,0.0,0.0,0.0,0.0,0.00232043450224
126082000000,36,126081000000,map,9.44542410762,2.94146144688,0.0,0.0,0.0,0.135831989819,0.990731886305,0.0410605751702,-0.00761113811433,0.0,0.0,0.0,0.0,-0.00761113811433,0.0224275783495,0.0,0.0,0.0,0.0,0.0,0.0,0.0,0.0,0.0,0.0,0.0,0.0,0.0,0.0,0.0,0.0,0.0,0.0,0.0,0.0,0.0,0.0,0.0,0.0,0.0,0.0,0.0,0.00272935071315
126777000000,37,126763000000,map,9.70676531891,3.01553310063,0.0,0.0,0.0,0.137681299948,0.990476582078,0.0334780102729,-0.00783073475614,0.0,0.0,0.0,0.0,-0.00783073475614,0.0249797231315,0.0,0.0,0.0,0.0,0.0,0.0,0.0,0.0,0.0,0.0,0.0,0.0,0.0,0.0,0.0,0.0,0.0,0.0,0.0,0.0,0.0,0.0,0.0,0.0,0.0,0.0,0.0,0.00256895911216
127423000000,38,127412000000,map,9.96334845414,3.07277700593,0.0,0.0,0.0,0.0934497239066,0.995623999862,0.0342334871417,-0.00659148453513,0.0,0.0,0.0,0.0,-0.00659148453513,0.0203345049844,0.0,0.0,0.0,0.0,0.0,0.0,0.0,0.0,0.0,0.0,0.0,0.0,0.0,0.0,0.0,0.0,0.0,0.0,0.0,0.0,0.0,0.0,0.0,0.0,0.0,0.0,0.0,0.00212011239604
128065000000,39,128056000000,map,10.2183111919,3.12429512167,0.0,0.0,0.0,0.0931945515125,0.995647917473,0.035853666101,-0.00656433842084,0.0,0.0,0.0,0.0,-0.00656433842084,0.0178635919954,0.0,0.0,0.0,0.0,0.0,0.0,0.0,0.0,0.0,0.0,0.0,0.0,0.0,0.0,0.0,0.0,0.0,0.0,0.0,0.0,0.0,0.0,0.0,0.0,0.0,0.0,0.0,0.0022419964035
128746000000,40,128733000000,map,10.4799026718,3.16362683742,0.0,0.0,0.0,0.138543538662,0.990356343896,0.0332607507133,-0.0060050336887,0.0,0.0,0.0,0.0,-0.0060050336887,0.0202249140991,0.0,0.0,0.0,0.0,0.0,0.0,0.0,0.0,0.0,0.0,0.0,0.0,0.0,0.0,0.0,0.0,0.0,0.0,0.0,0.0,0.0,0.0,0.0,0.0,0.0,0.0,0.0,0.00232398398821
129425000000,41,129412000000,map,10.7481735173,3.2279031766,0.0,0.0,0.0,0.200468909127,0.979700064547,0.0292210006724,-0.00790371768554,0.0,0.0,0.0,0.0,-0.00790371768554,0.020998295966,0.0,0.0,0.0,0.0,0.0,0.0,0.0,0.0,0.0,0.0,0.0,0.0,0.0,0.0,0.0,0.0,0.0,0.0,0.0,0.0,0.0,0.0,0.0,0.0,0.0,0.0,0.0,0.00243319505962
130125000000,42,130118000000,map,11.0162116821,3.33188173308,0.0,0.0,0.0,0.251954118196,0.967739180939,0.0255473914696,-0.00620649435045,0.0,0.0,0.0,0.0,-0.00620649435045,0.0154987016213,0.0,0.0,0.0,0.0,0.0,0.0,0.0,0.0,0.0,0.0,0.0,0.0,0.0,0.0,0.0,0.0,0.0,0.0,0.0,0.0,0.0,0.0,0.0,0.0,0.0,0.0,0.0,0.00217509732587
130860000000,43,130842000000,map,11.2667939242,3.46427850916,0.0,0.0,0.0,0.246485674997,0.969146434767,0.027955899656,-0.00655272203259,0.0,0.0,0.0,0.0,-0.00655272203258,0.0176657524101,0.0,0.0,0.0,0.0,0.0,0.0,0.0,0.0,0.0,0.0,0.0,0.0,0.0,0.0,0.0,0.0,0.0,0.0,0.0,0.0,0.0,0.0,0.0,0.0,0.0,0.0,0.0,0.00240817966252
131594000000,44,131588000000,map,11.5323937476,3.61240333824,0.0,0.0,0.0,0.186586009621,0.982438629642,0.0261687065466,-0.00741582272322,0.0,0.0,0.0,0.0,-0.00741582272322,0.0190926743498,0.0,0.0,0.0,0.0,0.0,0.0,0.0,0.0,0.0,0.0,0.0,0.0,0.0,0.0,0.0,0.0,0.0,0.0,0.0,0.0,0.0,0.0,0.0,0.0,0.0,0.0,0.0,0.0026645410565
132326000000,45,132314000000,map,11.805259078,3.71853428282,0.0,0.0,0.0,0.0968813837958,0.995295934621,0.0221913968197,-0.00936198602581,0.0,0.0,0.0,0.0,-0.00936198602581,0.0246714382548,0.0,0.0,0.0,0.0,0.0,0.0,0.0,0.0,0.0,0.0,0.0,0.0,0.0,0.0,0.0,0.0,0.0,0.0,0.0,0.0,0.0,0.0,0.0,0.0,0.0,0.0,0.0,0.00343645461452
133069000000,46,133051000000,map,12.0907366701,3.78283398681,0.0,0.0,0.0,0.0263081689344,0.999653880224,0.0228056449785,-0.00889607353647,0.0,0.0,0.0,0.0,-0.00889607353647,0.0241365891586,0.0,0.0,0.0,0.0,0.0,0.0,0.0,0.0,0.0,0.0,0.0,0.0,0.0,0.0,0.0,0.0,0.0,0.0,0.0,0.0,0.0,0.0,0.0,0.0,0.0,0.0,0.0,0.00346405418986
133724000000,47,133713000000,map,12.367577991,3.79844116569,0.0,0.0,0.0,-0.000994732147445,0.999999505254,0.0208651321756,-0.006538163935,0.0,0.0,0.0,0.0,-0.006538163935,0.0227831715692,0.0,0.0,0.0,0.0,0.0,0.0,0.0,0.0,0.0,0.0,0.0,0.0,0.0,0.0,0.0,0.0,0.0,0.0,0.0,0.0,0.0,0.0,0.0,0.0,0.0,0.0,0.0,0.00304228131447
134358000000,48,134346000000,map,12.6136944662,3.80280605744,0.0,0.0,0.0,0.00569285054759,0.999983795595,0.0227143819104,-0.00677411355669,0.0,0.0,0.0,0.0,-0.00677411355669,0.0240165476163,0.0,0.0,0.0,0.0,0.0,0.0,0.0,0.0,0.0,0.0,0.0,0.0,0.0,0.0,0.0,0.0,0.0,0.0,0.0,0.0,0.0,0.0,0.0,0.0,0.0,0.0,0.0,0.00307919119305
135042000000,49,135027000000,map,12.8842380151,3.80551964065,0.0,0.0,0.0,0.0470571565282,0.998892198398,0.0216617431294,-0.00827262967443,0.0,0.0,0.0,0.0,-0.00827262967443,0.0254612590891,0.0,0.0,0.0,0.0,0.0,0.0,0.0,0.0,0.0,0.0,0.0,0.0,0.0,0.0,0.0,0.0,0.0,0.0,0.0,0.0,0.0,0.0,0.0,0.0,0.0,0.0,0.0,0.00296477191157
135704000000,50,135696000000,map,13.1611619804,3.81815375376,0.0,0.0,0.0,0.0607691291383,0.99815184864,0.0206832285519,-0.00740006008412,0.0,0.0,0.0,0.0,-0.00740006008412,0.0261212515556,0.0,0.0,0.0,0.0,0.0,0.0,0.0,0.0,0.0,0.0,0.0,0.0,0.0,0.0,0.0,0.0,0.0,0.0,0.0,0.0,0.0,0.0,0.0,0.0,0.0,0.0,0.0,0.00257579574274
136375000000,51,136369000000,map,13.428308017,3.84275026216,0.0,0.0,0.0,0.0258867702699,0.99966488141,0.0167200102468,-0.00542631512753,0.0,0.0,0.0,0.0,-0.00542631512753,0.0246756488698,0.0,0.0,0.0,0.0,0.0,0.0,0.0,0.0,0.0,0.0,0.0,0.0,0.0,0.0,0.0,0.0,0.0,0.0,0.0,0.0,0.0,0.0,0.0,0.0,0.0,0.0,0.0,0.00246538112256
137002000000,52,137001000000,map,13.6822782561,3.85584049686,0.0,0.0,0.0,0.0190121270405,0.999819253178,0.016133764817,-0.0056008037143,0.0,0.0,0.0,0.0,-0.0056008037143,0.0247583467789,0.0,0.0,0.0,0.0,0.0,0.0,0.0,0.0,0.0,0.0,0.0,0.0,0.0,0.0,0.0,0.0,0.0,0.0,0.0,0.0,0.0,0.0,0.0,0.0,0.0,0.0,0.0,0.00236836869528
137688000000,53,137674000000,map,13.9467645328,3.86848410609,0.0,0.0,0.0,0.0394003576964,0.999223504434,0.0171429374061,-0.00672849906988,0.0,0.0,0.0,0.0,-0.00672849906988,0.0238008703551,0.0,0.0,0.0,0.0,0.0,0.0,0.0,0.0,0.0,0.0,0.0,0.0,0.0,0.0,0.0,0.0,0.0,0.0,0.0,0.0,0.0,0.0,0.0,0.0,0.0,0.0,0.0,0.00230685565486
138346000000,54,138334000000,map,14.2043622325,3.86995091242,0.0,0.0,0.0,0.0129228126488,0.99991649697,0.0138148175828,-0.00318445709317,0.0,0.0,0.0,0.0,-0.00318445709317,0.0197551643949,0.0,0.0,0.0,0.0,0.0,0.0,0.0,0.0,0.0,0.0,0.0,0.0,0.0,0.0,0.0,0.0,0.0,0.0,0.0,0.0,0.0,0.0,0.0,0.0,0.0,0.0,0.0,0.00225008045201
138976000000,55,138959000000,map,14.4552927131,3.88083074226,0.0,0.0,0.0,0.0088073782272,0.999961214292,0.0111400438616,-0.000775621645303,0.0,0.0,0.0,0.0,-0.00077562164531,0.0193697978303,0.0,0.0,0.0,0.0,0.0,0.0,0.0,0.0,0.0,0.0,0.0,0.0,0.0,0.0,0.0,0.0,0.0,0.0,0.0,0.0,0.0,0.0,0.0,0.0,0.0,0.0,0.0,0.00219934041772
139636000000,56,139623000000,map,14.7238757362,3.8800368615,0.0,0.0,0.0,0.0320809376981,0.999485274247,0.00972902134149,-0.000400252976284,0.0,0.0,0.0,0.0,-0.000400252976284,0.0170589714832,0.0,0.0,0.0,0.0,0.0,0.0,0.0,0.0,0.0,0.0,0.0,0.0,0.0,0.0,0.0,0.0,0.0,0.0,0.0,0.0,0.0,0.0,0.0,0.0,0.0,0.0,0.0,0.00217412761088
140255000000,57,140251000000,map,14.9754595634,3.89294802662,0.0,0.0,0.0,0.0172128396856,0.9998518481,0.010314317539,-9.65521412368e-05,0.0,0.0,0.0,0.0,-9.65521412368e-05,0.0171191071339,0.0,0.0,0.0,0.0,0.0,0.0,0.0,0.0,0.0,0.0,0.0,0.0,0.0,0.0,0.0,0.0,0.0,0.0,0.0,0.0,0.0,0.0,0.0,0.0,0.0,0.0,0.0,0.00180173349068
140927000000,58,140912000000,map,15.244675537,3.90828383748,0.0,0.0,0.0,-0.00195920537889,0.999998080755,0.00913334193058,0.00117071456011,0.0,0.0,0.0,0.0,0.00117071456011,0.0170252606696,0.0,0.0,0.0,0.0,0.0,0.0,0.0,0.0,0.0,0.0,0.0,0.0,0.0,0.0,0.0,0.0,0.0,0.0,0.0,0.0,0.0,0.0,0.0,0.0,0.0,0.0,0.0,0.00180831421112
141568000000,59,141556000000,map,15.5083831538,3.90799194251,0.0,0.0,0.0,0.00437280140062,0.999990439258,0.00860671584323,0.00187311899176,0.0,0.0,0.0,0.0,0.00187311899176,0.0155612630773,0.0,0.0,0.0,0.0,0.0,0.0,0.0,0.0,0.0,0.0,0.0,0.0,0.0,0.0,0.0,0.0,0.0,0.0,0.0,0.0,0.0,0.0,0.0,0.0,0.0,0.0,0.0,0.00154325555486
142238000000,60,142220000000,map,15.7677754677,3.89871215333,0.0,0.0,0.0,0.00659920374597,0.999978225018,0.00810904210752,0.000608517282686,0.0,0.0,0.0,0.0,0.000608517282686,0.0160158983418,0.0,0.0,0.0,0.0,0.0,0.0,0.0,0.0,0.0,0.0,0.0,0.0,0.0,0.0,0.0,0.0,0.0,0.0,0.0,0.0,0.0,0.0,0.0,0.0,0.0,0.0,0.0,0.00153300452966
142894000000,61,142873000000,map,16.0229340564,3.89510037758,0.0,0.0,0.0,0.00887709773791,0.999960597792,0.00877750401719,0.000876953384733,0.0,0.0,0.0,0.0,0.000876953384733,0.0171149870954,0.0,0.0,0.0,0.0,0.0,0.0,0.0,0.0,0.0,0.0,0.0,0.0,0.0,0.0,0.0,0.0,0.0,0.0,0.0,0.0,0.0,0.0,0.0,0.0,0.0,0.0,0.0,0.0017211088609
143610000000,62,143582000000,map,16.3078200675,3.89459465221,0.0,0.0,0.0,0.00994687192049,0.999950528646,0.00794094192497,0.000292369534442,0.0,0.0,0.0,0.0,0.000292369534442,0.0176195915061,0.0,0.0,0.0,0.0,0.0,0.0,0.0,0.0,0.0,0.0,0.0,0.0,0.0,0.0,0.0,0.0,0.0,0.0,0.0,0.0,0.0,0.0,0.0,0.0,0.0,0.0,0.0,0.00175468372572
144284000000,63,144265000000,map,16.583899901,3.89789581398,0.0,0.0,0.0,0.00637322298413,0.999979690808,0.00804704027337,-0.000418078475064,0.0,0.0,0.0,0.0,-0.000418078475064,0.0209146269516,0.0,0.0,0.0,0.0,0.0,0.0,0.0,0.0,0.0,0.0,0.0,0.0,0.0,0.0,0.0,0.0,0.0,0.0,0.0,0.0,0.0,0.0,0.0,0.0,0.0,0.0,0.0,0.00173321286535
144934000000,64,144922000000,map,16.8472578811,3.90056515592,0.0,0.0,0.0,0.00778319759649,0.999969710459,0.00872555602228,-4.98715763229e-05,0.0,0.0,0.0,0.0,-4.98715763229e-05,0.019901009169,0.0,0.0,0.0,0.0,0.0,0.0,0.0,0.0,0.0,0.0,0.0,0.0,0.0,0.0,0.0,0.0,0.0,0.0,0.0,0.0,0.0,0.0,0.0,0.0,0.0,0.0,0.0,0.00180842025747
145575000000,65,145565000000,map,17.1076807935,3.89211235325,0.0,0.0,0.0,0.00489456617723,0.999988021539,0.00885388694934,-0.000620185103401,0.0,0.0,0.0,0.0,-0.000620185103401,0.0174812950269,0.0,0.0,0.0,0.0,0.0,0.0,0.0,0.0,0.0,0.0,0.0,0.0,0.0,0.0,0.0,0.0,0.0,0.0,0.0,0.0,0.0,0.0,0.0,0.0,0.0,0.0,0.0,0.00172092039533
146248000000,66,146232000000,map,17.3713799206,3.88946629823,0.0,0.0,0.0,0.010012543451,0.99994987323,0.00849517609282,-0.000308060450223,0.0,0.0,0.0,0.0,-0.000308060450237,0.0170768701129,0.0,0.0,0.0,0.0,0.0,0.0,0.0,0.0,0.0,0.0,0.0,0.0,0.0,0.0,0.0,0.0,0.0,0.0,0.0,0.0,0.0,0.0,0.0,0.0,0.0,0.0,0.0,0.00164294696043
146967000000,67,146954000000,map,17.6595223036,3.89076866426,0.0,0.0,0.0,0.0114463917405,0.999934487912,0.00841273524389,0.000460841734551,0.0,0.0,0.0,0.0,0.000460841734551,0.0138761824218,0.0,0.0,0.0,0.0,0.0,0.0,0.0,0.0,0.0,0.0,0.0,0.0,0.0,0.0,0.0,0.0,0.0,0.0,0.0,0.0,0.0,0.0,0.0,0.0,0.0,0.0,0.0,0.00174788835763
147645000000,68,147632000000,map,17.925031798,3.89743414113,0.0,0.0,0.0,0.00627399205988,0.999980318318,0.00874413321282,8.97629917773e-05,0.0,0.0,0.0,0.0,8.97629917773e-05,0.0139708109716,0.0,0.0,0.0,0.0,0.0,0.0,0.0,0.0,0.0,0.0,0.0,0.0,0.0,0.0,0.0,0.0,0.0,0.0,0.0,0.0,0.0,0.0,0.0,0.0,0.0,0.0,0.0,0.00202975654367
148333000000,69,148323000000,map,18.1931720672,3.89855011589,0.0,0.0,0.0,0.0069458984363,0.999975876956,0.00829304352669,0.000685554438448,0.0,0.0,0.0,0.0,0.000685554438434,0.0129001732925,0.0,0.0,0.0,0.0,0.0,0.0,0.0,0.0,0.0,0.0,0.0,0.0,0.0,0.0,0.0,0.0,0.0,0.0,0.0,0.0,0.0,0.0,0.0,0.0,0.0,0.0,0.0,0.00222608679189
148976000000,70,148955000000,map,18.4440490906,3.89841865693,0.0,0.0,0.0,0.00361670339461,0.999993459707,0.00870304744473,-0.000356408448908,0.0,0.0,0.0,0.0,-0.000356408448923,0.0131130816308,0.0,0.0,0.0,0.0,0.0,0.0,0.0,0.0,0.0,0.0,0.0,0.0,0.0,0.0,0.0,0.0,0.0,0.0,0.0,0.0,0.0,0.0,0.0,0.0,0.0,0.0,0.0,0.00224483635375
149634000000,71,149619000000,map,18.7171785104,3.89465575194,0.0,0.0,0.0,0.00523962510526,0.99998627307,0.00899955189715,-0.00104488690648,0.0,0.0,0.0,0.0,-0.00104488690648,0.0143982071826,0.0,0.0,0.0,0.0,0.0,0.0,0.0,0.0,0.0,0.0,0.0,0.0,0.0,0.0,0.0,0.0,0.0,0.0,0.0,0.0,0.0,0.0,0.0,0.0,0.0,0.0,0.0,0.00214869061389
150295000000,72,150281000000,map,18.981875899,3.88978705473,0.0,0.0,0.0,0.00896560646764,0.999959808143,0.00823806974887,-0.00191741050561,0.0,0.0,0.0,0.0,-0.00191741050561,0.0144111160175,0.0,0.0,0.0,0.0,0.0,0.0,0.0,0.0,0.0,0.0,0.0,0.0,0.0,0.0,0.0,0.0,0.0,0.0,0.0,0.0,0.0,0.0,0.0,0.0,0.0,0.0,0.0,0.00198508313684
150948000000,73,150936000000,map,19.2427612112,3.89137510684,0.0,0.0,0.0,0.00876801342404,0.999961560231,0.00846309367137,-0.00141687133382,0.0,0.0,0.0,0.0,-0.00141687133382,0.0129355405524,0.0,0.0,0.0,0.0,0.0,0.0,0.0,0.0,0.0,0.0,0.0,0.0,0.0,0.0,0.0,0.0,0.0,0.0,0.0,0.0,0.0,0.0,0.0,0.0,0.0,0.0,0.0,0.00184182903479
151596000000,74,151584000000,map,19.4923940034,3.89107815752,0.0,0.0,0.0,0.0114040983831,0.999934971156,0.0087230218997,-0.000762707730516,0.0,0.0,0.0,0.0,-0.000762707730516,0.011364970284,0.0,0.0,0.0,0.0,0.0,0.0,0.0,0.0,0.0,0.0,0.0,0.0,0.0,0.0,0.0,0.0,0.0,0.0,0.0,0.0,0.0,0.0,0.0,0.0,0.0,0.0,0.0,0.00178912316585
152255000000,75,152246000000,map,19.7600664387,3.89758319347,0.0,0.0,0.0,0.00482628160559,0.999988353435,0.0084299346417,-0.000336369522543,0.0,0.0,0.0,0.0,-0.000336369522529,0.0116426272169,0.0,0.0,0.0,0.0,0.0,0.0,0.0,0.0,0.0,0.0,0.0,0.0,0.0,0.0,0.0,0.0,0.0,0.0,0.0,0.0,0.0,0.0,0.0,0.0,0.0,0.0,0.0,0.00193141272102
152924000000,76,152913000000,map,20.0324183679,3.90363657504,0.0,0.0,0.0,0.016573296952,0.999862653482,0.00719036267321,-0.00073649270665,0.0,0.0,0.0,0.0,-0.00073649270665,0.011604448926,0.0,0.0,0.0,0.0,0.0,0.0,0.0,0.0,0.0,0.0,0.0,0.0,0.0,0.0,0.0,0.0,0.0,0.0,0.0,0.0,0.0,0.0,0.0,0.0,0.0,0.0,0.0,0.00194126953869
153595000000,77,153591000000,map,20.3038312036,3.91594504986,0.0,0.0,0.0,0.0719972070287,0.997404833646,0.00785214749726,-0.000814956845161,0.0,0.0,0.0,0.0,-0.000814956845161,0.0116164465713,0.0,0.0,0.0,0.0,0.0,0.0,0.0,0.0,0.0,0.0,0.0,0.0,0.0,0.0,0.0,0.0,0.0,0.0,0.0,0.0,0.0,0.0,0.0,0.0,0.0,0.0,0.0,0.00216778300875
154285000000,78,154272000000,map,20.5804553516,3.95372475678,0.0,0.0,0.0,0.136298586279,0.990667802736,0.00850035465027,-0.00192263076758,0.0,0.0,0.0,0.0,-0.00192263076758,0.0125979399518,0.0,0.0,0.0,0.0,0.0,0.0,0.0,0.0,0.0,0.0,0.0,0.0,0.0,0.0,0.0,0.0,0.0,0.0,0.0,0.0,0.0,0.0,0.0,0.0,0.0,0.0,0.0,0.00207638133913
154959000000,79,154947000000,map,20.8430759094,4.02638034743,0.0,0.0,0.0,0.182964016741,0.983119610514,0.00843120091258,-0.00108732177074,0.0,0.0,0.0,0.0,-0.00108732177074,0.0135634156764,0.0,0.0,0.0,0.0,0.0,0.0,0.0,0.0,0.0,0.0,0.0,0.0,0.0,0.0,0.0,0.0,0.0,0.0,0.0,0.0,0.0,0.0,0.0,0.0,0.0,0.0,0.0,0.00210422196088
155636000000,80,155622000000,map,21.0950364272,4.13140740969,0.0,0.0,0.0,0.178917422323,0.983864094268,0.00951325310706,-0.002146821533,0.0,0.0,0.0,0.0,-0.002146821533,0.0141264482731,0.0,0.0,0.0,0.0,0.0,0.0,0.0,0.0,0.0,0.0,0.0,0.0,0.0,0.0,0.0,0.0,0.0,0.0,0.0,0.0,0.0,0.0,0.0,0.0,0.0,0.0,0.0,0.00238366894989
156377000000,81,156367000000,map,21.3835047284,4.23886731651,0.0,0.0,0.0,0.122947658149,0.992413156581,0.0119040453318,-0.00253255190273,0.0,0.0,0.0,0.0,-0.00253255190275,0.014944885169,0.0,0.0,0.0,0.0,0.0,0.0,0.0,0.0,0.0,0.0,0.0,0.0,0.0,0.0,0.0,0.0,0.0,0.0,0.0,0.0,0.0,0.0,0.0,0.0,0.0,0.0,0.0,0.00249777256999
157135000000,82,157122000000,map,21.6803102267,4.31664763842,0.0,0.0,0.0,0.0506920572293,0.998714331195,0.0124878664133,-0.00291911348278,0.0,0.0,0.0,0.0,-0.00291911348276,0.0167179620853,0.0,0.0,0.0,0.0,0.0,0.0,0.0,0.0,0.0,0.0,0.0,0.0,0.0,0.0,0.0,0.0,0.0,0.0,0.0,0.0,0.0,0.0,0.0,0.0,0.0,0.0,0.0,0.00302192245994
157774000000,83,157764000000,map,21.9350195735,4.33821029924,0.0,0.0,0.0,-0.00366972296009,0.999993266544,0.0119505045161,-0.00259507660309,0.0,0.0,0.0,0.0,-0.00259507660307,0.0164295014677,0.0,0.0,0.0,0.0,0.0,0.0,0.0,0.0,0.0,0.0,0.0,0.0,0.0,0.0,0.0,0.0,0.0,0.0,0.0,0.0,0.0,0.0,0.0,0.0,0.0,0.0,0.0,0.00270876496347
158456000000,84,158434000000,map,22.2063241189,4.32805765042,0.0,0.0,0.0,-0.0145829529016,0.999893663089,0.0116800977522,-0.00234368732235,0.0,0.0,0.0,0.0,-0.00234368732237,0.0175943837276,0.0,0.0,0.0,0.0,0.0,0.0,0.0,0.0,0.0,0.0,0.0,0.0,0.0,0.0,0.0,0.0,0.0,0.0,0.0,0.0,0.0,0.0,0.0,0.0,0.0,0.0,0.0,0.00274464600237
159115000000,85,159103000000,map,22.4805177599,4.3243724024,0.0,0.0,0.0,0.0146453785447,0.999892750692,0.0122323892942,-0.00236343513733,0.0,0.0,0.0,0.0,-0.00236343513731,0.0192409623866,0.0,0.0,0.0,0.0,0.0,0.0,0.0,0.0,0.0,0.0,0.0,0.0,0.0,0.0,0.0,0.0,0.0,0.0,0.0,0.0,0.0,0.0,0.0,0.0,0.0,0.0,0.0,0.00276591088491
159764000000,86,159752000000,map,22.7395202045,4.31974494178,0.0,0.0,0.0,0.0154494308334,0.999880650421,0.0136302532059,-0.00318556137212,0.0,0.0,0.0,0.0,-0.00318556137212,0.0205518827208,0.0,0.0,0.0,0.0,0.0,0.0,0.0,0.0,0.0,0.0,0.0,0.0,0.0,0.0,0.0,0.0,0.0,0.0,0.0,0.0,0.0,0.0,0.0,0.0,0.0,0.0,0.0,0.0025524112772
160447000000,87,160433000000,map,23.0117156059,4.32282213283,0.0,0.0,0.0,-0.00491581407672,0.999987917313,0.0142367990816,-0.00318890409018,0.0,0.0,0.0,0.0,-0.00318890409018,0.0207095281185,0.0,0.0,0.0,0.0,0.0,0.0,0.0,0.0,0.0,0.0,0.0,0.0,0.0,0.0,0.0,0.0,0.0,0.0,0.0,0.0,0.0,0.0,0.0,0.0,0.0,0.0,0.0,0.00256700349768
161094000000,88,161085000000,map,23.268283639,4.32297039847,0.0,0.0,0.0,0.000885148009758,0.999999608256,0.0146695113394,-0.00542499902568,0.0,0.0,0.0,0.0,-0.00542499902566,0.0220608702089,0.0,0.0,0.0,0.0,0.0,0.0,0.0,0.0,0.0,0.0,0.0,0.0,0.0,0.0,0.0,0.0,0.0,0.0,0.0,0.0,0.0,0.0,0.0,0.0,0.0,0.0,0.0,0.00239930756602
161807000000,89,161797000000,map,23.5463132241,4.32929387402,0.0,0.0,0.0,0.00457041529307,0.999989555597,0.0167361687733,-0.00555036244587,0.0,0.0,0.0,0.0,-0.00555036244586,0.0234636779798,0.0,0.0,0.0,0.0,0.0,0.0,0.0,0.0,0.0,0.0,0.0,0.0,0.0,0.0,0.0,0.0,0.0,0.0,0.0,0.0,0.0,0.0,0.0,0.0,0.0,0.0,0.0,0.00265260798722
162469000000,90,162451000000,map,23.8089525241,4.32484927091,0.0,0.0,0.0,-0.00349113661208,0.999993905964,0.0142296462053,-0.00414108323487,0.0,0.0,0.0,0.0,-0.00414108323487,0.0214337868258,0.0,0.0,0.0,0.0,0.0,0.0,0.0,0.0,0.0,0.0,0.0,0.0,0.0,0.0,0.0,0.0,0.0,0.0,0.0,0.0,0.0,0.0,0.0,0.0,0.0,0.0,0.0,0.00258584998877
163127000000,91,163113000000,map,24.0735227863,4.32173983143,0.0,0.0,0.0,0.00104084074207,0.999999458325,0.0133099872413,-0.00191701015132,0.0,0.0,0.0,0.0,-0.00191701015132,0.0192199201673,0.0,0.0,0.0,0.0,0.0,0.0,0.0,0.0,0.0,0.0,0.0,0.0,0.0,0.0,0.0,0.0,0.0,0.0,0.0,0.0,0.0,0.0,0.0,0.0,0.0,0.0,0.0,0.00227219998374
163802000000,92,163776000000,map,24.3362841301,4.32095699589,0.0,0.0,0.0,0.00838753251107,0.999964824031,0.0135288493796,-0.00306975560324,0.0,0.0,0.0,0.0,-0.00306975560324,0.0234827131928,0.0,0.0,0.0,0.0,0.0,0.0,0.0,0.0,0.0,0.0,0.0,0.0,0.0,0.0,0.0,0.0,0.0,0.0,0.0,0.0,0.0,0.0,0.0,0.0,0.0,0.0,0.0,0.00268592472507
164428000000,93,164411000000,map,24.5992119934,4.32755511778,0.0,0.0,0.0,0.0161665911445,0.999869312126,0.0130309920543,-0.00150572934453,0.0,0.0,0.0,0.0,-0.00150572934453,0.0197793587266,0.0,0.0,0.0,0.0,0.0,0.0,0.0,0.0,0.0,0.0,0.0,0.0,0.0,0.0,0.0,0.0,0.0,0.0,0.0,0.0,0.0,0.0,0.0,0.0,0.0,0.0,0.0,0.00263347253384
165045000000,94,165037000000,map,24.8465167229,4.33444800725,0.0,0.0,0.0,-0.00227699480754,0.999997407644,0.0124616536942,0.00107142461847,0.0,0.0,0.0,0.0,0.00107142461847,0.0195765350952,0.0,0.0,0.0,0.0,0.0,0.0,0.0,0.0,0.0,0.0,0.0,0.0,0.0,0.0,0.0,0.0,0.0,0.0,0.0,0.0,0.0,0.0,0.0,0.0,0.0,0.0,0.0,0.00271851299528
165724000000,95,165717000000,map,25.1109474864,4.34004933793,0.0,0.0,0.0,-0.00424576687345,0.999990986691,0.012604806145,0.002921223771,0.0,0.0,0.0,0.0,0.00292122377101,0.0201677592299,0.0,0.0,0.0,0.0,0.0,0.0,0.0,0.0,0.0,0.0,0.0,0.0,0.0,0.0,0.0,0.0,0.0,0.0,0.0,0.0,0.0,0.0,0.0,0.0,0.0,0.0,0.0,0.00279818500325
166378000000,96,166361000000,map,25.3726991194,4.33680036576,0.0,0.0,0.0,0.0132607812833,0.999912071974,0.0146773178061,0.00388365252945,0.0,0.0,0.0,0.0,0.00388365252945,0.0249036382689,0.0,0.0,0.0,0.0,0.0,0.0,0.0,0.0,0.0,0.0,0.0,0.0,0.0,0.0,0.0,0.0,0.0,0.0,0.0,0.0,0.0,0.0,0.0,0.0,0.0,0.0,0.0,0.0029693814792
167034000000,97,167030000000,map,25.6340957356,4.33239227442,0.0,0.0,0.0,0.0045701133951,0.999989556977,0.0141573665638,0.00332467117479,0.0,0.0,0.0,0.0,0.00332467117482,0.0247933086161,0.0,0.0,0.0,0.0,0.0,0.0,0.0,0.0,0.0,0.0,0.0,0.0,0.0,0.0,0.0,0.0,0.0,0.0,0.0,0.0,0.0,0.0,0.0,0.0,0.0,0.0,0.0,0.00288888344199
167729000000,98,167703000000,map,25.917963293,4.33641340637,0.0,0.0,0.0,0.00985865542472,0.999951402276,0.0133715326124,0.00375515422796,0.0,0.0,0.0,0.0,0.00375515422795,0.0251655018773,0.0,0.0,0.0,0.0,0.0,0.0,0.0,0.0,0.0,0.0,0.0,0.0,0.0,0.0,0.0,0.0,0.0,0.0,0.0,0.0,0.0,0.0,0.0,0.0,0.0,0.0,0.0,0.0029344206388
168357000000,99,168346000000,map,26.1779828734,4.34740685768,0.0,0.0,0.0,0.00903646788401,0.999959170291,0.0129520039605,0.00437068590539,0.0,0.0,0.0,0.0,0.00437068590539,0.0252460830621,0.0,0.0,0.0,0.0,0.0,0.0,0.0,0.0,0.0,0.0,0.0,0.0,0.0,0.0,0.0,0.0,0.0,0.0,0.0,0.0,0.0,0.0,0.0,0.0,0.0,0.0,0.0,0.00278108015448
169055000000,100,169034000000,map,26.4552780495,4.35644321715,0.0,0.0,0.0,0.00172047434145,0.999998519983,0.0118806145553,0.00365963748689,0.0,0.0,0.0,0.0,0.00365963748688,0.0275111636726,0.0,0.0,0.0,0.0,0.0,0.0,0.0,0.0,0.0,0.0,0.0,0.0,0.0,0.0,0.0,0.0,0.0,0.0,0.0,0.0,0.0,0.0,0.0,0.0,0.0,0.0,0.0,0.00279134181221
169704000000,101,169694000000,map,26.7152365234,4.34702836221,0.0,0.0,0.0,-0.000487573500561,0.999999881136,0.0115981788597,0.00446590796611,0.0,0.0,0.0,0.0,0.00446590796609,0.0306613258852,0.0,0.0,0.0,0.0,0.0,0.0,0.0,0.0,0.0,0.0,0.0,0.0,0.0,0.0,0.0,0.0,0.0,0.0,0.0,0.0,0.0,0.0,0.0,0.0,0.0,0.0,0.0,0.00302959670947
170356000000,102,170334000000,map,26.9728820198,4.35784274711,0.0,0.0,0.0,0.00708320135783,0.999974913815,0.0120596801534,0.00544025428239,0.0,0.0,0.0,0.0,0.00544025428239,0.0296930046586,0.0,0.0,0.0,0.0,0.0,0.0,0.0,0.0,0.0,0.0,0.0,0.0,0.0,0.0,0.0,0.0,0.0,0.0,0.0,0.0,0.0,0.0,0.0,0.0,0.0,0.0,0.0,0.0024889217732
171025000000,103,171014000000,map,27.2390241687,4.35963924771,0.0,0.0,0.0,0.00388824610819,0.999992440743,0.0126075315,0.00677351243297,0.0,0.0,0.0,0.0,0.00677351243296,0.0340221185864,0.0,0.0,0.0,0.0,0.0,0.0,0.0,0.0,0.0,0.0,0.0,0.0,0.0,0.0,0.0,0.0,0.0,0.0,0.0,0.0,0.0,0.0,0.0,0.0,0.0,0.0,0.0,0.00273345300095
171654000000,104,171642000000,map,27.4824697118,4.36633317401,0.0,0.0,0.0,0.00515860116723,0.999986694328,0.0109248498657,0.00602408923665,0.0,0.0,0.0,0.0,0.00602408923665,0.0351023524768,0.0,0.0,0.0,0.0,0.0,0.0,0.0,0.0,0.0,0.0,0.0,0.0,0.0,0.0,0.0,0.0,0.0,0.0,0.0,0.0,0.0,0.0,0.0,0.0,0.0,0.0,0.0,0.00248855938556
172318000000,105,172300000000,map,27.7581790822,4.3794382255,0.0,0.0,0.0,0.0419252243923,0.999120751241,0.011350728358,0.00656155054425,0.0,0.0,0.0,0.0,0.00656155054423,0.0365770856865,0.0,0.0,0.0,0.0,0.0,0.0,0.0,0.0,0.0,0.0,0.0,0.0,0.0,0.0,0.0,0.0,0.0,0.0,0.0,0.0,0.0,0.0,0.0,0.0,0.0,0.0,0.0,0.00265886689727
172949000000,106,172939000000,map,28.0141821635,4.4131364195,0.0,0.0,0.0,0.0574425908119,0.998348811168,0.0107743532459,0.00644735985065,0.0,0.0,0.0,0.0,0.00644735985064,0.0335807248605,0.0,0.0,0.0,0.0,0.0,0.0,0.0,0.0,0.0,0.0,0.0,0.0,0.0,0.0,0.0,0.0,0.0,0.0,0.0,0.0,0.0,0.0,0.0,0.0,0.0,0.0,0.0,0.00249869809106
173614000000,107,173608000000,map,28.2776085207,4.43606481455,0.0,0.0,0.0,0.0264277697332,0.999650725497,0.0107158526529,0.00729453811523,0.0,0.0,0.0,0.0,0.00729453811523,0.0402602386349,0.0,0.0,0.0,0.0,0.0,0.0,0.0,0.0,0.0,0.0,0.0,0.0,0.0,0.0,0.0,0.0,0.0,0.0,0.0,0.0,0.0,0.0,0.0,0.0,0.0,0.0,0.0,0.00290741144661
174286000000,108,174280000000,map,28.5474925634,4.45717112942,0.0,0.0,0.0,0.0251483745392,0.999683729616,0.00942416833993,0.00587924004459,0.0,0.0,0.0,0.0,0.00587924004459,0.0445927532027,0.0,0.0,0.0,0.0,0.0,0.0,0.0,0.0,0.0,0.0,0.0,0.0,0.0,0.0,0.0,0.0,0.0,0.0,0.0,0.0,0.0,0.0,0.0,0.0,0.0,0.0,0.0,0.0032466885729
174968000000,109,174960000000,map,28.8233571472,4.48496597097,0.0,0.0,0.0,0.0285494352249,0.999592381798,0.00841584527404,0.00456945040168,0.0,0.0,0.0,0.0,0.00456945040168,0.0418317630097,0.0,0.0,0.0,0.0,0.0,0.0,0.0,0.0,0.0,0.0,0.0,0.0,0.0,0.0,0.0,0.0,0.0,0.0,0.0,0.0,0.0,0.0,0.0,0.0,0.0,0.0,0.0,0.00317503744215
175646000000,110,175624000000,map,29.0846115949,4.51044024459,0.0,0.0,0.0,-0.00279195774204,0.999996102478,0.00970184745051,0.00492418160692,0.0,0.0,0.0,0.0,0.00492418160692,0.0426600308199,0.0,0.0,0.0,0.0,0.0,0.0,0.0,0.0,0.0,0.0,0.0,0.0,0.0,0.0,0.0,0.0,0.0,0.0,0.0,0.0,0.0,0.0,0.0,0.0,0.0,0.0,0.0,0.00278612934137
176359000000,111,176343000000,map,29.376263192,4.52860443851,0.0,0.0,0.0,-0.00117150871245,0.999999313783,0.00969729683618,0.00468463211396,0.0,0.0,0.0,0.0,0.00468463211396,0.0365657927407,0.0,0.0,0.0,0.0,0.0,0.0,0.0,0.0,0.0,0.0,0.0,0.0,0.0,0.0,0.0,0.0,0.0,0.0,0.0,0.0,0.0,0.0,0.0,0.0,0.0,0.0,0.0,0.00295345956306
177000000000,112,176982000000,map,29.6309816331,4.51541744908,0.0,0.0,0.0,-0.00326752869329,0.999994661614,0.00929563860404,0.00496541432014,0.0,0.0,0.0,0.0,0.00496541432011,0.0381496402861,0.0,0.0,0.0,0.0,0.0,0.0,0.0,0.0,0.0,0.0,0.0,0.0,0.0,0.0,0.0,0.0,0.0,0.0,0.0,0.0,0.0,0.0,0.0,0.0,0.0,0.0,0.0,0.00295641541308
177681000000,113,177664000000,map,29.9058383903,4.52907767104,0.0,0.0,0.0,0.00149069959704,0.999998888907,0.00765154854969,0.00132449936157,0.0,0.0,0.0,0.0,0.00132449936157,0.0312678949909,0.0,0.0,0.0,0.0,0.0,0.0,0.0,0.0,0.0,0.0,0.0,0.0,0.0,0.0,0.0,0.0,0.0,0.0,0.0,0.0,0.0,0.0,0.0,0.0,0.0,0.0,0.0,0.00250646918986
178337000000,114,178324000000,map,30.1705009494,4.51653062361,0.0,0.0,0.0,0.00201020731592,0.999997979531,0.00751268606689,0.00208954981758,0.0,0.0,0.0,0.0,0.00208954981758,0.0352504794575,0.0,0.0,0.0,0.0,0.0,0.0,0.0,0.0,0.0,0.0,0.0,0.0,0.0,0.0,0.0,0.0,0.0,0.0,0.0,0.0,0.0,0.0,0.0,0.0,0.0,0.0,0.0,0.00288456930479
178974000000,115,178958000000,map,30.4205378499,4.52432816348,0.0,0.0,0.0,-0.000911147864962,0.999999584905,0.0075760671524,0.00241198144167,0.0,0.0,0.0,0.0,0.00241198144167,0.0310242450676,0.0,0.0,0.0,0.0,0.0,0.0,0.0,0.0,0.0,0.0,0.0,0.0,0.0,0.0,0.0,0.0,0.0,0.0,0.0,0.0,0.0,0.0,0.0,0.0,0.0,0.0,0.0,0.00288256825154
179636000000,116,179624000000,map,30.6833556992,4.52286205722,0.0,0.0,0.0,0.00531160497071,0.999985893327,0.00811298257508,0.00404164083983,0.0,0.0,0.0,0.0,0.00404164083983,0.0384720627568,0.0,0.0,0.0,0.0,0.0,0.0,0.0,0.0,0.0,0.0,0.0,0.0,0.0,0.0,0.0,0.0,0.0,0.0,0.0,0.0,0.0,0.0,0.0,0.0,0.0,0.0,0.0,0.00327476610182
180309000000,117,180300000000,map,30.9548472533,4.53762275613,0.0,0.0,0.0,0.0150125294003,0.99988730563,0.00758625710523,0.00199673749279,0.0,0.0,0.0,0.0,0.00199673749279,0.0312741433541,0.0,0.0,0.0,0.0,0.0,0.0,0.0,0.0,0.0,0.0,0.0,0.0,0.0,0.0,0.0,0.0,0.0,0.0,0.0,0.0,0.0,0.0,0.0,0.0,0.0,0.0,0.0,0.00350118703978
180974000000,118,180957000000,map,31.2145115205,4.53935988421,0.0,0.0,0.0,0.00388272792246,0.999992462184,0.00645275930935,-0.000250798730292,0.0,0.0,0.0,0.0,-0.00025079873032,0.0290192004131,0.0,0.0,0.0,0.0,0.0,0.0,0.0,0.0,0.0,0.0,0.0,0.0,0.0,0.0,0.0,0.0,0.0,0.0,0.0,0.0,0.0,0.0,0.0,0.0,0.0,0.0,0.0,0.00329183123536
181654000000,119,181634000000,map,31.4834618684,4.5494050405,0.0,0.0,0.0,0.00574612789014,0.999983490871,0.00584885204944,-0.000138955693643,0.0,0.0,0.0,0.0,-0.000138955693643,0.0296515203963,0.0,0.0,0.0,0.0,0.0,0.0,0.0,0.0,0.0,0.0,0.0,0.0,0.0,0.0,0.0,0.0,0.0,0.0,0.0,0.0,0.0,0.0,0.0,0.0,0.0,0.0,0.0,0.00329273602646
182348000000,120,182338000000,map,31.762949661,4.53829455242,0.0,0.0,0.0,0.00316606465009,0.999994988005,0.00587718136774,-0.00136563437471,0.0,0.0,0.0,0.0,-0.00136563437471,0.0284352420417,0.0,0.0,0.0,0.0,0.0,0.0,0.0,0.0,0.0,0.0,0.0,0.0,0.0,0.0,0.0,0.0,0.0,0.0,0.0,0.0,0.0,0.0,0.0,0.0,0.0,0.0,0.0,0.00298363591076
183010000000,121,182991000000,map,32.0240590245,4.53082017527,0.0,0.0,0.0,0.00435148428131,0.999990532247,0.00512547585959,-0.00103267387638,0.0,0.0,0.0,0.0,-0.00103267387638,0.025277116053,0.0,0.0,0.0,0.0,0.0,0.0,0.0,0.0,0.0,0.0,0.0,0.0,0.0,0.0,0.0,0.0,0.0,0.0,0.0,0.0,0.0,0.0,0.0,0.0,0.0,0.0,0.0,0.0028076159105
183658000000,122,183650000000,map,32.2836078534,4.5331795556,0.0,0.0,0.0,0.0127564808733,0.999918632788,0.00510640622724,-0.00108971978736,0.0,0.0,0.0,0.0,-0.00108971978736,0.024493273414,0.0,0.0,0.0,0.0,0.0,0.0,0.0,0.0,0.0,0.0,0.0,0.0,0.0,0.0,0.0,0.0,0.0,0.0,0.0,0.0,0.0,0.0,0.0,0.0,0.0,0.0,0.0,0.00257244528545
184345000000,123,184338000000,map,32.5677048945,4.5319154051,0.0,0.0,0.0,0.00923124165477,0.999957391181,0.00500226185136,-0.000893723719372,0.0,0.0,0.0,0.0,-0.000893723719344,0.0222281192673,0.0,0.0,0.0,0.0,0.0,0.0,0.0,0.0,0.0,0.0,0.0,0.0,0.0,0.0,0.0,0.0,0.0,0.0,0.0,0.0,0.0,0.0,0.0,0.0,0.0,0.0,0.0,0.0027995537975
185018000000,124,185003000000,map,32.8339634505,4.52454093713,0.0,0.0,0.0,0.00528969435167,0.999986009469,0.00501082360347,-0.00134798977115,0.0,0.0,0.0,0.0,-0.00134798977115,0.0223970529112,0.0,0.0,0.0,0.0,0.0,0.0,0.0,0.0,0.0,0.0,0.0,0.0,0.0,0.0,0.0,0.0,0.0,0.0,0.0,0.0,0.0,0.0,0.0,0.0,0.0,0.0,0.0,0.00285354931492
185674000000,125,185664000000,map,33.0975759416,4.5308113608,0.0,0.0,0.0,0.0133857800876,0.999910406432,0.00453451439648,-0.000734342062657,0.0,0.0,0.0,0.0,-0.000734342062657,0.0218330197482,0.0,0.0,0.0,0.0,0.0,0.0,0.0,0.0,0.0,0.0,0.0,0.0,0.0,0.0,0.0,0.0,0.0,0.0,0.0,0.0,0.0,0.0,0.0,0.0,0.0,0.0,0.0,0.00262419513835
186295000000,126,186290000000,map,33.3465501341,4.53060887189,0.0,0.0,0.0,0.00285147670248,0.999995934532,0.00442840323194,-0.000298168375963,0.0,0.0,0.0,0.0,-0.000298168375963,0.0242562306231,0.0,0.0,0.0,0.0,0.0,0.0,0.0,0.0,0.0,0.0,0.0,0.0,0.0,0.0,0.0,0.0,0.0,0.0,0.0,0.0,0.0,0.0,0.0,0.0,0.0,0.0,0.0,0.00264986497673
186994000000,127,186980000000,map,33.6172720839,4.54441379724,0.0,0.0,0.0,0.00771206412306,0.999970261591,0.00440243901653,-0.000860008839908,0.0,0.0,0.0,0.0,-0.000860008839879,0.0223023261572,0.0,0.0,0.0,0.0,0.0,0.0,0.0,0.0,0.0,0.0,0.0,0.0,0.0,0.0,0.0,0.0,0.0,0.0,0.0,0.0,0.0,0.0,0.0,0.0,0.0,0.0,0.0,0.0022643921548
187631000000,128,187612000000,map,33.8689406716,4.55575892793,0.0,0.0,0.0,0.00967496526498,0.999953196428,0.00411307725108,-0.000586087031451,0.0,0.0,0.0,0.0,-0.000586087031451,0.0188105148737,0.0,0.0,0.0,0.0,0.0,0.0,0.0,0.0,0.0,0.0,0.0,0.0,0.0,0.0,0.0,0.0,0.0,0.0,0.0,0.0,0.0,0.0,0.0,0.0,0.0,0.0,0.0,0.00178142580263
188325000000,129,188307000000,map,34.1422971459,4.56917921388,0.0,0.0,0.0,-0.00276957850064,0.99999616471,0.00445224270425,-0.00079978622361,0.0,0.0,0.0,0.0,-0.00079978622361,0.0200302871604,0.0,0.0,0.0,0.0,0.0,0.0,0.0,0.0,0.0,0.0,0.0,0.0,0.0,0.0,0.0,0.0,0.0,0.0,0.0,0.0,0.0,0.0,0.0,0.0,0.0,0.0,0.0,0.00177690965951
188977000000,130,188963000000,map,34.4116615376,4.58131325986,0.0,0.0,0.0,0.00366757187835,0.999993274436,0.00421938197405,-0.00047258136712,0.0,0.0,0.0,0.0,-0.00047258136712,0.0154448250344,0.0,0.0,0.0,0.0,0.0,0.0,0.0,0.0,0.0,0.0,0.0,0.0,0.0,0.0,0.0,0.0,0.0,0.0,0.0,0.0,0.0,0.0,0.0,0.0,0.0,0.0,0.0,0.00155172062519
189625000000,131,189612000000,map,34.6732869077,4.58857259597,0.0,0.0,0.0,-0.00251985265216,0.999996825166,0.00413919703669,-0.000838994211136,0.0,0.0,0.0,0.0,-0.000838994211136,0.0174404968704,0.0,0.0,0.0,0.0,0.0,0.0,0.0,0.0,0.0,0.0,0.0,0.0,0.0,0.0,0.0,0.0,0.0,0.0,0.0,0.0,0.0,0.0,0.0,0.0,0.0,0.0,0.0,0.00151592832549
190314000000,132,190289000000,map,34.9411126052,4.58037716653,0.0,0.0,0.0,-0.0401999073268,0.999191657016,0.00394438249646,-0.000621956429171,0.0,0.0,0.0,0.0,-0.000621956429143,0.0177812259965,0.0,0.0,0.0,0.0,0.0,0.0,0.0,0.0,0.0,0.0,0.0,0.0,0.0,0.0,0.0,0.0,0.0,0.0,0.0,0.0,0.0,0.0,0.0,0.0,0.0,0.0,0.0,0.00157700781169
190965000000,133,190943000000,map,35.2006444469,4.555267422,0.0,0.0,0.0,-0.0460731276398,0.998938069607,0.00372856035551,-0.000870035120244,0.0,0.0,0.0,0.0,-0.000870035120244,0.0181765954488,0.0,0.0,0.0,0.0,0.0,0.0,0.0,0.0,0.0,0.0,0.0,0.0,0.0,0.0,0.0,0.0,0.0,0.0,0.0,0.0,0.0,0.0,0.0,0.0,0.0,0.0,0.0,0.00154358490058
191626000000,134,191613000000,map,35.4714152759,4.53172578133,0.0,0.0,0.0,-0.00602402589562,0.999981855391,0.00424903518388,-0.00152590690035,0.0,0.0,0.0,0.0,-0.00152590690038,0.0208052980085,0.0,0.0,0.0,0.0,0.0,0.0,0.0,0.0,0.0,0.0,0.0,0.0,0.0,0.0,0.0,0.0,0.0,0.0,0.0,0.0,0.0,0.0,0.0,0.0,0.0,0.0,0.0,0.00171161859043
192288000000,135,192275000000,map,35.7335201645,4.52911401101,0.0,0.0,0.0,0.0423877598922,0.999101235016,0.00433993966931,-0.00178565099566,0.0,0.0,0.0,0.0,-0.00178565099566,0.0211330712564,0.0,0.0,0.0,0.0,0.0,0.0,0.0,0.0,0.0,0.0,0.0,0.0,0.0,0.0,0.0,0.0,0.0,0.0,0.0,0.0,0.0,0.0,0.0,0.0,0.0,0.0,0.0,0.00192791791091
192924000000,136,192906000000,map,35.985095359,4.554886119,0.0,0.0,0.0,0.092202399717,0.995740286162,0.00458695655357,-0.00179876076695,0.0,0.0,0.0,0.0,-0.00179876076695,0.0219199622211,0.0,0.0,0.0,0.0,0.0,0.0,0.0,0.0,0.0,0.0,0.0,0.0,0.0,0.0,0.0,0.0,0.0,0.0,0.0,0.0,0.0,0.0,0.0,0.0,0.0,0.0,0.0,0.00218407654482
193595000000,137,193585000000,map,36.2533405335,4.59454220606,0.0,0.0,0.0,0.118999721327,0.992894287588,0.00473698055862,-0.00175978080637,0.0,0.0,0.0,0.0,-0.00175978080637,0.0230755873282,0.0,0.0,0.0,0.0,0.0,0.0,0.0,0.0,0.0,0.0,0.0,0.0,0.0,0.0,0.0,0.0,0.0,0.0,0.0,0.0,0.0,0.0,0.0,0.0,0.0,0.0,0.0,0.00183889137282
194243000000,138,194235000000,map,36.5030265394,4.66272852258,0.0,0.0,0.0,0.142959463868,0.989728544446,0.00421971736387,-0.00168170890049,0.0,0.0,0.0,0.0,-0.00168170890049,0.023833468474,0.0,0.0,0.0,0.0,0.0,0.0,0.0,0.0,0.0,0.0,0.0,0.0,0.0,0.0,0.0,0.0,0.0,0.0,0.0,0.0,0.0,0.0,0.0,0.0,0.0,0.0,0.0,0.00181421844616
194958000000,139,194948000000,map,36.7765622085,4.7470327168,0.0,0.0,0.0,0.202273096805,0.979329155243,0.00443810332308,-0.00178570848954,0.0,0.0,0.0,0.0,-0.00178570848956,0.0226547858593,0.0,0.0,0.0,0.0,0.0,0.0,0.0,0.0,0.0,0.0,0.0,0.0,0.0,0.0,0.0,0.0,0.0,0.0,0.0,0.0,0.0,0.0,0.0,0.0,0.0,0.0,0.0,0.00194853044056
195694000000,140,195687000000,map,37.0439609901,4.86630707586,0.0,0.0,0.0,0.282317092755,0.959321144945,0.00495843190379,-0.0018867484653,0.0,0.0,0.0,0.0,-0.0018867484653,0.0216037250473,0.0,0.0,0.0,0.0,0.0,0.0,0.0,0.0,0.0,0.0,0.0,0.0,0.0,0.0,0.0,0.0,0.0,0.0,0.0,0.0,0.0,0.0,0.0,0.0,0.0,0.0,0.0,0.00246922665078
196514000000,141,196510000000,map,37.3165781451,5.06743500705,0.0,0.0,0.0,0.379726317846,0.925098872302,0.00512941260672,-0.00316938356039,0.0,0.0,0.0,0.0,-0.00316938356042,0.0238006915843,0.0,0.0,0.0,0.0,0.0,0.0,0.0,0.0,0.0,0.0,0.0,0.0,0.0,0.0,0.0,0.0,0.0,0.0,0.0,0.0,0.0,0.0,0.0,0.0,0.0,0.0,0.0,0.00304181059372
197338000000,142,197319000000,map,37.540674077,5.30148084763,0.0,0.0,0.0,0.47012721688,0.882598663011,0.00645617654118,-0.0027143336518,0.0,0.0,0.0,0.0,-0.00271433365182,0.0225946331364,0.0,0.0,0.0,0.0,0.0,0.0,0.0,0.0,0.0,0.0,0.0,0.0,0.0,0.0,0.0,0.0,0.0,0.0,0.0,0.0,0.0,0.0,0.0,0.0,0.0,0.0,0.0,0.00344138690063
198056000000,143,198033000000,map,37.6878102685,5.54303377993,0.0,0.0,0.0,0.539754953407,0.841822184474,0.00696817190737,-0.00216867544765,0.0,0.0,0.0,0.0,-0.00216867544768,0.0202851564165,0.0,0.0,0.0,0.0,0.0,0.0,0.0,0.0,0.0,0.0,0.0,0.0,0.0,0.0,0.0,0.0,0.0,0.0,0.0,0.0,0.0,0.0,0.0,0.0,0.0,0.0,0.0,0.00313920541211
198802000000,144,198779000000,map,37.7912536644,5.79117622763,0.0,0.0,0.0,0.602029253319,0.798474030979,0.00781565953366,-0.00235775618813,0.0,0.0,0.0,0.0,-0.00235775618813,0.0199675936613,0.0,0.0,0.0,0.0,0.0,0.0,0.0,0.0,0.0,0.0,0.0,0.0,0.0,0.0,0.0,0.0,0.0,0.0,0.0,0.0,0.0,0.0,0.0,0.0,0.0,0.0,0.0,0.0034006191252
199696000000,145,199680000000,map,37.8396208883,6.04368781567,0.0,0.0,0.0,0.668157320093,0.74402002366,0.0101294970398,-0.00286658860279,0.0,0.0,0.0,0.0,-0.00286658860279,0.0186466411396,0.0,0.0,0.0,0.0,0.0,0.0,0.0,0.0,0.0,0.0,0.0,0.0,0.0,0.0,0.0,0.0,0.0,0.0,0.0,0.0,0.0,0.0,0.0,0.0,0.0,0.0,0.0,0.00421971435124
200794000000,146,200781000000,map,37.8312790077,6.31563025775,0.0,0.0,0.0,0.712113508423,0.702064349701,0.0111290967536,-0.00276412577031,0.0,0.0,0.0,0.0,-0.00276412577031,0.0163069899291,0.0,0.0,0.0,0.0,0.0,0.0,0.0,0.0,0.0,0.0,0.0,0.0,0.0,0.0,0.0,0.0,0.0,0.0,0.0,0.0,0.0,0.0,0.0,0.0,0.0,0.0,0.0,0.00406777053618
202094000000,147,202091000000,map,37.7993772421,6.57293371026,0.0,0.0,0.0,0.696423377654,0.717631158087,0.0128856028659,-0.00258409179116,0.0,0.0,0.0,0.0,-0.00258409179114,0.0153970407058,0.0,0.0,0.0,0.0,0.0,0.0,0.0,0.0,0.0,0.0,0.0,0.0,0.0,0.0,0.0,0.0,0.0,0.0,0.0,0.0,0.0,0.0,0.0,0.0,0.0,0.0,0.0,0.00381332679653
203328000000,148,203315000000,map,37.7874050064,6.836293797,0.0,0.0,0.0,0.698234925498,0.715868695233,0.0165629478736,-0.0030406910638,0.0,0.0,0.0,0.0,-0.0030406910638,0.0154224461019,0.0,0.0,0.0,0.0,0.0,0.0,0.0,0.0,0.0,0.0,0.0,0.0,0.0,0.0,0.0,0.0,0.0,0.0,0.0,0.0,0.0,0.0,0.0,0.0,0.0,0.0,0.0,0.00389224637165
204509000000,149,204487000000,map,37.8002289798,7.11279458214,0.0,0.0,0.0,0.692449113691,0.721466717839,0.0146884066974,-0.00286264987079,0.0,0.0,0.0,0.0,-0.00286264987079,0.0140689630947,0.0,0.0,0.0,0.0,0.0,0.0,0.0,0.0,0.0,0.0,0.0,0.0,0.0,0.0,0.0,0.0,0.0,0.0,0.0,0.0,0.0,0.0,0.0,0.0,0.0,0.0,0.0,0.00338093672265
205657000000,150,205651000000,map,37.8252114234,7.35973845917,0.0,0.0,0.0,0.695428416266,0.718595378395,0.0148569098476,-0.0024849905264,0.0,0.0,0.0,0.0,-0.0024849905264,0.0127997581554,0.0,0.0,0.0,0.0,0.0,0.0,0.0,0.0,0.0,0.0,0.0,0.0,0.0,0.0,0.0,0.0,0.0,0.0,0.0,0.0,0.0,0.0,0.0,0.0,0.0,0.0,0.0,0.00288931521207
206784000000,151,206769000000,map,37.8360595124,7.62140927706,0.0,0.0,0.0,0.704033468261,0.710166794189,0.0152437477191,-0.00254921845294,0.0,0.0,0.0,0.0,-0.00254921845294,0.013561929397,0.0,0.0,0.0,0.0,0.0,0.0,0.0,0.0,0.0,0.0,0.0,0.0,0.0,0.0,0.0,0.0,0.0,0.0,0.0,0.0,0.0,0.0,0.0,0.0,0.0,0.0,0.0,0.00308352398643
207919000000,152,207896000000,map,37.8381244619,7.87249678501,0.0,0.0,0.0,0.712458130796,0.701714622808,0.017164770275,-0.00305847106006,0.0,0.0,0.0,0.0,-0.00305847106011,0.0131717896525,0.0,0.0,0.0,0.0,0.0,0.0,0.0,0.0,0.0,0.0,0.0,0.0,0.0,0.0,0.0,0.0,0.0,0.0,0.0,0.0,0.0,0.0,0.0,0.0,0.0,0.0,0.0,0.00322559074544
209067000000,153,209046000000,map,37.8364997386,8.11321972575,0.0,0.0,0.0,0.702940108005,0.711249045383,0.0172813881188,-0.00257258455315,0.0,0.0,0.0,0.0,-0.00257258455321,0.0105803285377,0.0,0.0,0.0,0.0,0.0,0.0,0.0,0.0,0.0,0.0,0.0,0.0,0.0,0.0,0.0,0.0,0.0,0.0,0.0,0.0,0.0,0.0,0.0,0.0,0.0,0.0,0.0,0.00319743602425
210206000000,154,210189000000,map,37.828850036,8.35953614812,0.0,0.0,0.0,0.703594253657,0.710601946395,0.0165348785426,-0.00314516639196,0.0,0.0,0.0,0.0,-0.00314516639196,0.0108176033251,0.0,0.0,0.0,0.0,0.0,0.0,0.0,0.0,0.0,0.0,0.0,0.0,0.0,0.0,0.0,0.0,0.0,0.0,0.0,0.0,0.0,0.0,0.0,0.0,0.0,0.0,0.0,0.00333189121944
211408000000,155,211390000000,map,37.8433884892,8.619936451,0.0,0.0,0.0,0.698291743766,0.715813272152,0.0167230350742,-0.00181033275823,0.0,0.0,0.0,0.0,-0.00181033275823,0.00900005239049,0.0,0.0,0.0,0.0,0.0,0.0,0.0,0.0,0.0,0.0,0.0,0.0,0.0,0.0,0.0,0.0,0.0,0.0,0.0,0.0,0.0,0.0,0.0,0.0,0.0,0.0,0.0,0.0033457415554
212580000000,156,212546000000,map,37.8283167604,8.88632076456,0.0,0.0,0.0,0.707640051725,0.706573108174,0.0183435344832,-0.00214516635407,0.0,0.0,0.0,0.0,-0.00214516635407,0.00776216062388,0.0,0.0,0.0,0.0,0.0,0.0,0.0,0.0,0.0,0.0,0.0,0.0,0.0,0.0,0.0,0.0,0.0,0.0,0.0,0.0,0.0,0.0,0.0,0.0,0.0,0.0,0.0,0.00329374559144
213697000000,157,213688000000,map,37.8268826662,9.13874673087,0.0,0.0,0.0,0.690626886999,0.723211243659,0.0214364419267,-0.00173905096523,0.0,0.0,0.0,0.0,-0.00173905096523,0.00768212969543,0.0,0.0,0.0,0.0,0.0,0.0,0.0,0.0,0.0,0.0,0.0,0.0,0.0,0.0,0.0,0.0,0.0,0.0,0.0,0.0,0.0,0.0,0.0,0.0,0.0,0.0,0.0,0.00356082677819
214814000000,158,214805000000,map,37.8326860906,9.39528309882,0.0,0.0,0.0,0.693136864531,0.720805998191,0.0250948119296,-0.00150620850059,0.0,0.0,0.0,0.0,-0.00150620850053,0.00768019970512,0.0,0.0,0.0,0.0,0.0,0.0,0.0,0.0,0.0,0.0,0.0,0.0,0.0,0.0,0.0,0.0,0.0,0.0,0.0,0.0,0.0,0.0,0.0,0.0,0.0,0.0,0.0,0.00356106268614
215965000000,159,215958000000,map,37.8226855941,9.66205089847,0.0,0.0,0.0,0.693174299989,0.720769997874,0.0248923501942,-9.65376462432e-05,0.0,0.0,0.0,0.0,-9.65376462432e-05,0.0073928471668,0.0,0.0,0.0,0.0,0.0,0.0,0.0,0.0,0.0,0.0,0.0,0.0,0.0,0.0,0.0,0.0,0.0,0.0,0.0,0.0,0.0,0.0,0.0,0.0,0.0,0.0,0.0,0.00327364244685
217074000000,160,217069000000,map,37.8269808735,9.91159532637,0.0,0.0,0.0,0.68091651557,0.732361044037,0.0248450482895,-0.000267259478562,0.0,0.0,0.0,0.0,-0.000267259478505,0.00729890512513,0.0,0.0,0.0,0.0,0.0,0.0,0.0,0.0,0.0,0.0,0.0,0.0,0.0,0.0,0.0,0.0,0.0,0.0,0.0,0.0,0.0,0.0,0.0,0.0,0.0,0.0,0.0,0.00301603789934
218167000000,161,218142000000,map,37.8447149567,10.1588023377,0.0,0.0,0.0,0.684062096755,0.729423777912,0.0247909981283,-0.000777884396427,0.0,0.0,0.0,0.0,-0.000777884396427,0.00765332604576,0.0,0.0,0.0,0.0,0.0,0.0,0.0,0.0,0.0,0.0,0.0,0.0,0.0,0.0,0.0,0.0,0.0,0.0,0.0,0.0,0.0,0.0,0.0,0.0,0.0,0.0,0.0,0.00282849451013
219260000000,162,219222000000,map,37.8433937702,10.4162181145,0.0,0.0,0.0,0.691545586794,0.722332818987,0.0230419163499,-0.000916361283714,0.0,0.0,0.0,0.0,-0.000916361283714,0.00818248560537,0.0,0.0,0.0,0.0,0.0,0.0,0.0,0.0,0.0,0.0,0.0,0.0,0.0,0.0,0.0,0.0,0.0,0.0,0.0,0.0,0.0,0.0,0.0,0.0,0.0,0.0,0.0,0.00260459493971
220407000000,163,220374000000,map,37.848317312,10.6855110353,0.0,0.0,0.0,0.692507412609,0.721410759194,0.0198535542736,-0.000353559134169,0.0,0.0,0.0,0.0,-0.000353559134169,0.00882928414552,0.0,0.0,0.0,0.0,0.0,0.0,0.0,0.0,0.0,0.0,0.0,0.0,0.0,0.0,0.0,0.0,0.0,0.0,0.0,0.0,0.0,0.0,0.0,0.0,0.0,0.0,0.0,0.00256411327464
221518000000,164,221501000000,map,37.8587165023,10.9405544805,0.0,0.0,0.0,0.701188509739,0.712975927931,0.0197062421023,5.07408568069e-05,0.0,0.0,0.0,0.0,5.07408568069e-05,0.00982238627694,0.0,0.0,0.0,0.0,0.0,0.0,0.0,0.0,0.0,0.0,0.0,0.0,0.0,0.0,0.0,0.0,0.0,0.0,0.0,0.0,0.0,0.0,0.0,0.0,0.0,0.0,0.0,0.00229306084004
222727000000,165,222699000000,map,37.855581607,11.2000957092,0.0,0.0,0.0,0.724754560366,0.689007131479,0.0172490060074,0.000504181750784,0.0,0.0,0.0,0.0,0.000504181750784,0.00950968192772,0.0,0.0,0.0,0.0,0.0,0.0,0.0,0.0,0.0,0.0,0.0,0.0,0.0,0.0,0.0,0.0,0.0,0.0,0.0,0.0,0.0,0.0,0.0,0.0,0.0,0.0,0.0,0.00220476339232
223918000000,166,223898000000,map,37.8322293302,11.4593239663,0.0,0.0,0.0,0.740681110147,0.671856750409,0.0160171864209,-0.000218566435819,0.0,0.0,0.0,0.0,-0.000218566435763,0.00917361665984,0.0,0.0,0.0,0.0,0.0,0.0,0.0,0.0,0.0,0.0,0.0,0.0,0.0,0.0,0.0,0.0,0.0,0.0,0.0,0.0,0.0,0.0,0.0,0.0,0.0,0.0,0.0,0.00237038823541
225168000000,167,225133000000,map,37.8056550282,11.7240815552,0.0,0.0,0.0,0.729574003242,0.68390187439,0.014176408788,0.000622784681866,0.0,0.0,0.0,0.0,0.000622784681866,0.00815863187262,0.0,0.0,0.0,0.0,0.0,0.0,0.0,0.0,0.0,0.0,0.0,0.0,0.0,0.0,0.0,0.0,0.0,0.0,0.0,0.0,0.0,0.0,0.0,0.0,0.0,0.0,0.0,0.00222281188555
226415000000,168,226395000000,map,37.789949732,11.9876816456,0.0,0.0,0.0,0.72736160167,0.686254399196,0.0147210927137,9.06465027128e-06,0.0,0.0,0.0,0.0,9.06465021444e-06,0.0089067347993,0.0,0.0,0.0,0.0,0.0,0.0,0.0,0.0,0.0,0.0,0.0,0.0,0.0,0.0,0.0,0.0,0.0,0.0,0.0,0.0,0.0,0.0,0.0,0.0,0.0,0.0,0.0,0.00217738359703
227624000000,169,227614000000,map,37.7793985959,12.2439556246,0.0,0.0,0.0,0.735803748246,0.677194834643,0.0145951941504,-0.000229901757223,0.0,0.0,0.0,0.0,-0.000229901757223,0.00868269440105,0.0,0.0,0.0,0.0,0.0,0.0,0.0,0.0,0.0,0.0,0.0,0.0,0.0,0.0,0.0,0.0,0.0,0.0,0.0,0.0,0.0,0.0,0.0,0.0,0.0,0.0,0.0,0.00200970555251
228907000000,170,228876000000,map,37.7528038858,12.5067873375,0.0,0.0,0.0,0.731559108212,0.681778021934,0.01644455717,-0.000230795516359,0.0,0.0,0.0,0.0,-0.000230795516472,0.00819350564001,0.0,0.0,0.0,0.0,0.0,0.0,0.0,0.0,0.0,0.0,0.0,0.0,0.0,0.0,0.0,0.0,0.0,0.0,0.0,0.0,0.0,0.0,0.0,0.0,0.0,0.0,0.0,0.00203148604788
230053000000,171,230051000000,map,37.7478359779,12.7415434769,0.0,0.0,0.0,0.658866721521,0.752259691378,0.0160234596306,-0.000458087316758,0.0,0.0,0.0,0.0,-0.000458087316758,0.0075139948394,0.0,0.0,0.0,0.0,0.0,0.0,0.0,0.0,0.0,0.0,0.0,0.0,0.0,0.0,0.0,0.0,0.0,0.0,0.0,0.0,0.0,0.0,0.0,0.0,0.0,0.0,0.0,0.00197815364354
